{
  "project_info": {
    "project_number": "201262638304",
    "project_id": "hcl-gic-test",
    "storage_bucket": "hcl-gic-test.appspot.com"
  },
  "client": [
    {
      "client_info": {
        "mobilesdk_app_id": "1:201262638304:android:8961065d91f27faa455c85",
        "android_client_info": {
          "package_name": "com.examplehcl.gic"
        }
      },
      "oauth_client": [
        {
          "client_id": "201262638304-m1mg4k7jv3e923faaf0aa6aoeuvs7lci.apps.googleusercontent.com",
          "client_type": 3
        }
      ],
      "api_key": [
        {
          "current_key": "AIzaSyBZOFn7ykuNmxGI1gyLsoTOn1nyVYy2NCU"
        }
      ],
      "services": {
        "appinvite_service": {
          "other_platform_oauth_client": [
            {
              "client_id": "201262638304-m1mg4k7jv3e923faaf0aa6aoeuvs7lci.apps.googleusercontent.com",
              "client_type": 3
            }
          ]
        }
      }
    },
    {
      "client_info": {
        "mobilesdk_app_id": "1:201262638304:android:40d90d835ff478db455c85",
        "android_client_info": {
          "package_name": "com.examplehcl.hclpushtest"
        }
      },
      "oauth_client": [
        {
          "client_id": "201262638304-m1mg4k7jv3e923faaf0aa6aoeuvs7lci.apps.googleusercontent.com",
          "client_type": 3
        }
      ],
      "api_key": [
        {
          "current_key": "AIzaSyBZOFn7ykuNmxGI1gyLsoTOn1nyVYy2NCU"
        }
      ],
      "services": {
        "appinvite_service": {
          "other_platform_oauth_client": [
            {
              "client_id": "201262638304-m1mg4k7jv3e923faaf0aa6aoeuvs7lci.apps.googleusercontent.com",
              "client_type": 3
            }
          ]
        }
      }
    }
  ],
  "configuration_version": "1"
}